20251104,1,S,137,602,まりんo'.、'o@スペシャルゾンピ旦
20251104,1,S,137,602,まりんo'.、'o@スペシャルゾンピ旦
20251104,2,S,367,855,如月優 ?S$キープ&全ギフト耐久達成品 半
20251104,3,A3,486,557,WW大覧者かなたん補【Beril』
20251104,4,A5,3,1182,s“めいたん甘 美脚 方言酒
20251104,5,B1,151,267,虚像一や@トプパバナ"ガチ"
20251104,6,B2,112,205,(アト本二りし拓イニ|ツ違」移』 /
20251104,7,SS,13,703,にドれのい|もっ
20251104,8,S,314,1567,衣nのすけ
20251104,9,S,156,1614,チコ
20251104,10,S,1437,2489,ロンマセ IN
20251104,11,A3,68,791,(克:上
20251104,12,A4,25,461,*Es eo463.*12日
20251104,13,S,46,131,(の2ルルメーンか5 ん
20251104,14,A3,211,360,ひ一君$ 女次回4日
20251104,15,S,622,1505,枯れ花谷 久7日+4引
20251104,16,S,304,1169,んて ソニ
20251104,17,A2,12,202,どんぐりにしかわ
20251104,18,A3,295,1097,ねころび 4日ブ:
20251104,19,A2,247,1764,さにエア7 5 /
20251104,20,A1,177,807,1<:)て常 もも
20251104,21,B1,361,1099,スーパーナイス有区
20251104,22,A5,105,904,ん うーアツ)
20251104,23,A3,516,910,つづど〆
20251104,24,A3,505,1027,ニアす=
20251104,25,A2,76,431,紅乃宮 ゆめの@今週中にバッチあと32人
20251104,26,A5,0,798,し 人りらNm
20251104,27,A2,46,1140,トンたてーーア 72】 よし
20251104,28,A2,536,1758,レーイイ(の1昌『2ントシ
20251104,29,A5,230,589,強士*つよびgw ^@.@~
20251104,30,A2,189,694,KEYAS 4ニルた
20251104,31,A2,79,366,しき|
20251104,32,A2,118,332,社間のお兄さんの
20251104,33,B3,234,631,レオパのいくぐら
20251104,34,B3,77,125,saki(さき一にゃ)@トプパバナ ! ! ! 人え
20251104,35,A5,167,941,E キネメニブツ7トコニピビシ4 /
20251104,36,A1,7,134,OS ゆのちゃん。
20251104,37,S,80,1637,彰* Tia
20251104,38,A4,85,476,EoがIO ルクルポ4)
20251104,39,B3,257,223,CI全 放W1:かコロ人|
20251104,40,S,113,682,TE /
20251104,41,A4,81,309,にルルタルリル 全MPルレた
20251104,291,B1,4,63,|
20251104,292,B1,168,734,ルー
20251104,293,C3,119,209,カカオC。
20251104,294,B1,118,95,とルイイプ: 3 |
20251104,295,B2,65,257,ノートー
20251104,296,C3,7,38,iuに
20251104,297,C3,47,69,アンY677】 8 )
20251104,298,B1,4,35,レアリム
20251104,299,C3,377,274,エース独9
20251104,300,C3,81,116,LAKU
